0,TL01,12
0,TL02,8
0,TL03,10
0,TL04,10
5,TL01,17
5,TL02,7
5,TL03,5
5,TL04,15
10,TL01,10
10,TL02,3
10,TL03,0
10,TL04,10
15,TL01,10
15,TL02,3
15,TL03,9
15,TL04,11
20,TL01,15
20,TL02,0
20,TL03,6
20,TL04,16
25,TL01,10
25,TL02,0
25,TL03,10
25,TL04,17
30,TL01,18
30,TL02,10
30,TL03,0
30,TL04,10
35,TL01,10
35,TL02,10
35,TL03,0
35,TL04,15
40,TL01,11
40,TL02,5
40,TL03,4
40,TL04,10
45,TL01,13
45,TL02,0
45,TL03,1
45,TL04,14
50,TL01,15
50,TL02,2
50,TL03,0
50,TL04,10
55,TL01,11
55,TL02,10
55,TL03,2
55,TL04,10
60,TL01,13
60,TL02,0
60,TL03,7
60,TL04,15
65,TL01,10
65,TL02,2
65,TL03,4
65,TL04,20
70,TL01,15
70,TL02,3
70,TL03,0
70,TL04,19
75,TL01,15
75,TL02,6
75,TL03,0
75,TL04,13
80,TL01,10
80,TL02,0
80,TL03,10
80,TL04,20
85,TL01,20
85,TL02,4
85,TL03,8
85,TL04,12
90,TL01,11
90,TL02,0
90,TL03,0
90,TL04,10
95,TL01,16
95,TL02,0
95,TL03,3
95,TL04,16
100,TL01,10
100,TL02,5
100,TL03,3
100,TL04,18
105,TL01,10
105,TL02,0
105,TL03,9
105,TL04,12
110,TL01,10
110,TL02,0
110,TL03,6
110,TL04,17
115,TL01,11
115,TL02,2
115,TL03,4
115,TL04,10
120,TL01,14
120,TL02,4
120,TL03,0
120,TL04,10
125,TL01,20
125,TL02,8
125,TL03,7
125,TL04,13
130,TL01,20
130,TL02,2
130,TL03,9
130,TL04,19
135,TL01,15
135,TL02,7
135,TL03,9
135,TL04,11
140,TL01,10
140,TL02,4
140,TL03,0
140,TL04,14
145,TL01,10
145,TL02,10
145,TL03,1
145,TL04,18
150,TL01,12
150,TL02,7
150,TL03,0
150,TL04,14
155,TL01,18
155,TL02,5
155,TL03,1
155,TL04,20
160,TL01,10
160,TL02,5
160,TL03,4
160,TL04,10
165,TL01,10
165,TL02,1
165,TL03,8
165,TL04,10
170,TL01,10
170,TL02,0
170,TL03,10
170,TL04,12
175,TL01,17
175,TL02,2
175,TL03,0
175,TL04,11
180,TL01,10
180,TL02,0
180,TL03,8
180,TL04,10
185,TL01,16
185,TL02,6
185,TL03,7
185,TL04,18
190,TL01,17
190,TL02,5
190,TL03,0
190,TL04,19
195,TL01,12
195,TL02,6
195,TL03,0
195,TL04,19
200,TL01,19
200,TL02,8
200,TL03,5
200,TL04,13
205,TL01,11
205,TL02,0
205,TL03,0
205,TL04,12
210,TL01,11
210,TL02,6
210,TL03,1
210,TL04,16
215,TL01,17
215,TL02,5
215,TL03,5
215,TL04,10
220,TL01,19
220,TL02,4
220,TL03,3
220,TL04,12
225,TL01,10
225,TL02,10
225,TL03,6
225,TL04,18
230,TL01,17
230,TL02,7
230,TL03,4
230,TL04,10
235,TL01,17
235,TL02,0
235,TL03,3
235,TL04,10
240,TL01,14
240,TL02,6
240,TL03,2
240,TL04,10
245,TL01,10
245,TL02,3
245,TL03,0
245,TL04,10
250,TL01,10
250,TL02,9
250,TL03,5
250,TL04,13
255,TL01,11
255,TL02,4
255,TL03,4
255,TL04,16
260,TL01,19
260,TL02,0
260,TL03,0
260,TL04,15
265,TL01,12
265,TL02,4
265,TL03,7
265,TL04,10
270,TL01,10
270,TL02,10
270,TL03,0
270,TL04,15
275,TL01,11
275,TL02,6
275,TL03,0
275,TL04,19
280,TL01,20
280,TL02,5
280,TL03,8
280,TL04,11
285,TL01,15
285,TL02,0
285,TL03,9
285,TL04,13
290,TL01,18
290,TL02,0
290,TL03,0
290,TL04,12
295,TL01,19
295,TL02,9
295,TL03,4
295,TL04,11
